{
      "2_3": {
            "u_u_gain": 3.8461538461538463,
            "s_s_gain": 0.0
      },
      "0_1": {
            "u_u_gain": 0.0,
            "s_s_gain": -19.99999999999999
      },
      "1_3": {
            "u_u_gain": 1.9230769230769231,
            "s_s_gain": -9.999999999999995
      },
      "0_2_3": {
            "u_u_gain": 5.128205128205129,
            "s_s_gain": -6.666666666666663
      },
      "0_2": {
            "u_u_gain": 1.9230769230769231,
            "s_s_gain": -9.999999999999995
      }
}