{
      "3_4_5": {
            "u_u_gain": -43.184896816096284,
            "s_s_gain": 0.0
      },
      "0_1_2_3_4_5_6_7_8_9_10_11_12_13_14_15": {
            "u_u_gain": -27.98617875165575,
            "s_s_gain": 0.0
      },
      "0_10_15": {
            "u_u_gain": -18.722038364895507,
            "s_s_gain": 0.0
      },
      "10_14": {
            "u_u_gain": -28.030303030303028,
            "s_s_gain": 0.0
      },
      "8_12": {
            "u_u_gain": -59.029871197588385,
            "s_s_gain": 0.0
      },
      "2_8_11": {
            "u_u_gain": -80.13042879048272,
            "s_s_gain": 0.0
      },
      "2_6": {
            "u_u_gain": -47.07252880010355,
            "s_s_gain": 0.0
      },
      "2_3_4_5_6_8_11_14": {
            "u_u_gain": -46.89416992653842,
            "s_s_gain": 0.0
      },
      "3_4_5_6": {
            "u_u_gain": -31.136954940873604,
            "s_s_gain": 0.0
      },
      "0_10_12_15": {
            "u_u_gain": -32.49360142870596,
            "s_s_gain": 0.0
      },
      "9_13": {
            "u_u_gain": 0.5104006163328219,
            "s_s_gain": 0.0
      },
      "8_11": {
            "u_u_gain": -77.32019997030145,
            "s_s_gain": 0.0
      },
      "2_4_5_6_8_11": {
            "u_u_gain": -60.647430788626224,
            "s_s_gain": 0.0
      },
      "3_9_13": {
            "u_u_gain": -31.807909604519775,
            "s_s_gain": 0.0
      },
      "7_14": {
            "u_u_gain": -69.45836315915057,
            "s_s_gain": 0.0
      },
      "0_10_12_14_15": {
            "u_u_gain": -20.07836459927052,
            "s_s_gain": 0.0
      },
      "3_11": {
            "u_u_gain": -40.88506207448939,
            "s_s_gain": 0.0
      },
      "1_7_14": {
            "u_u_gain": -61.03425760997633,
            "s_s_gain": 0.0
      },
      "2_6_11": {
            "u_u_gain": -57.96754871864272,
            "s_s_gain": 0.0
      },
      "1_3_7_9_13": {
            "u_u_gain": -7.664277309515187,
            "s_s_gain": 0.0
      },
      "4_5": {
            "u_u_gain": -66.54467992134586,
            "s_s_gain": 0.0
      },
      "0_2": {
            "u_u_gain": -45.94641239159512,
            "s_s_gain": 0.0
      },
      "0_1_7_9_10_12_13_15": {
            "u_u_gain": -29.482399400336774,
            "s_s_gain": 0.0
      },
      "10_15": {
            "u_u_gain": -26.013513513513516,
            "s_s_gain": 0.0
      }
}