{
      "0_1_4_5": {
            "u_u_gain": 13.298258345428158,
            "s_s_gain": 3.3153241650294687
      },
      "2_3": {
            "u_u_gain": 8.420684835779175,
            "s_s_gain": 0.0
      },
      "0_5": {
            "u_u_gain": 8.653846153846153,
            "s_s_gain": -1.1787819253438125
      },
      "1_2_3_5": {
            "u_u_gain": 17.81970649895178,
            "s_s_gain": 5.083497053045187
      },
      "0_1": {
            "u_u_gain": 12.391146589259797,
            "s_s_gain": 0.0
      },
      "1_3": {
            "u_u_gain": 7.547169811320755,
            "s_s_gain": 0.0
      },
      "4_5": {
            "u_u_gain": 6.60377358490566,
            "s_s_gain": -2.4557956777996073
      },
      "0_4": {
            "u_u_gain": 23.820754716981135,
            "s_s_gain": 0.0
      },
      "1_2_3": {
            "u_u_gain": 16.259026321919404,
            "s_s_gain": 0.0
      }
}