{
      "1_2_3_8": {
            "u_u_gain": 0.0,
            "s_s_gain": -7.654248720298631
      },
      "3_7_8": {
            "u_u_gain": 0.0,
            "s_s_gain": -8.730952349337313
      },
      "1_2_3_5_8": {
            "u_u_gain": 0.0,
            "s_s_gain": -6.871213983950646
      },
      "0_4_9": {
            "u_u_gain": 0.0,
            "s_s_gain": -35.87442687863866
      },
      "6_7_9": {
            "u_u_gain": 0.0,
            "s_s_gain": -4.040262093336557
      },
      "0_1_2_7_8_9": {
            "u_u_gain": 0.0,
            "s_s_gain": -21.93739688331492
      },
      "0_7": {
            "u_u_gain": 0.0,
            "s_s_gain": -22.15339108637616
      },
      "1_2_8_9": {
            "u_u_gain": 0.0,
            "s_s_gain": 0.0
      },
      "1_2_5_7_8_9": {
            "u_u_gain": 0.0,
            "s_s_gain": -1.134151391316893
      },
      "3_4_5_6": {
            "u_u_gain": 0.0,
            "s_s_gain": -19.42154112677816
      },
      "1_2_3_5_6_7_8": {
            "u_u_gain": 0.0,
            "s_s_gain": -9.583333349360903
      },
      "0_4_7": {
            "u_u_gain": 0.0,
            "s_s_gain": 3.5492325713253465
      },
      "5_6": {
            "u_u_gain": 0.0,
            "s_s_gain": 0.0
      },
      "0_6": {
            "u_u_gain": 0.0,
            "s_s_gain": -19.480295871843968
      },
      "0_4_8_9": {
            "u_u_gain": 0.0,
            "s_s_gain": -33.58351831563992
      },
      "0_1_2_3_4_5_8": {
            "u_u_gain": 0.0,
            "s_s_gain": -23.946133333993107
      },
      "6_9": {
            "u_u_gain": 0.0,
            "s_s_gain": 0.0
      },
      "1_2_3_5_6_7": {
            "u_u_gain": 0.0,
            "s_s_gain": -11.815937164703437
      },
      "7_8": {
            "u_u_gain": 0.0,
            "s_s_gain": -7.3356810810507005
      },
      "0_9": {
            "u_u_gain": 0.0,
            "s_s_gain": -43.44860122040248
      },
      "1_2_3_5_6": {
            "u_u_gain": 0.0,
            "s_s_gain": -14.79860071082102
      },
      "3_4": {
            "u_u_gain": 0.0,
            "s_s_gain": -10.203019031682986
      },
      "1_2_5_6": {
            "u_u_gain": 0.0,
            "s_s_gain": 0.0
      },
      "1_2_3_6": {
            "u_u_gain": 0.0,
            "s_s_gain": -8.622127657196502
      },
      "1_2_3": {
            "u_u_gain": 0.0,
            "s_s_gain": -10.370051635111876
      }
}