{
      "1_2_3_4": {
            "u_u_gain": 78.94597727443113,
            "s_s_gain": -160.57513914656772
      },
      "0_1_2_3_4": {
            "u_u_gain": 51.96708233453221,
            "s_s_gain": -218.0395794681509
      },
      "0_5": {
            "u_u_gain": 0.0,
            "s_s_gain": -32.05128205128206
      },
      "0_2_3_4": {
            "u_u_gain": 18.58322744599746,
            "s_s_gain": -257.39795918367355
      },
      "0_1_3_4": {
            "u_u_gain": 14.37216338880484,
            "s_s_gain": -6.903215831787266
      },
      "2_5": {
            "u_u_gain": 16.327827191867854,
            "s_s_gain": -211.53846153846155
      },
      "0_1_3": {
            "u_u_gain": 12.506303580433686,
            "s_s_gain": -8.58585858585859
      },
      "2_3_4": {
            "u_u_gain": 22.9140194832698,
            "s_s_gain": -215.46072974644403
      },
      "0_1_3_4_5": {
            "u_u_gain": 14.462934947049922,
            "s_s_gain": -30.420056134341856
      },
      "1_2_3": {
            "u_u_gain": 85.86953526833229,
            "s_s_gain": -142.4242424242424
      }
}