{
      "0_2_3_10": {
            "u_u_gain": -57.87554018186775,
            "s_s_gain": 0.0
      },
      "6_11": {
            "u_u_gain": -60.84660473346605,
            "s_s_gain": 0.0
      },
      "0_2_3_4_5_6_8_10_12_14_15": {
            "u_u_gain": 31.055673427523644,
            "s_s_gain": 0.0
      },
      "0_2_3_4_6_8_9_10_12_14_15": {
            "u_u_gain": -5.329038283172503,
            "s_s_gain": 0.0
      },
      "0_2_3_4_5_6_10_14": {
            "u_u_gain": -58.20340658520472,
            "s_s_gain": 0.0
      },
      "0_2_3_6_8_10_14": {
            "u_u_gain": -56.364127522566754,
            "s_s_gain": 0.0
      },
      "2_3_6_14": {
            "u_u_gain": -63.66473507430683,
            "s_s_gain": 0.0
      },
      "0_1_2_3_4_5_6_7_8_9_10_11_12_13_14_15": {
            "u_u_gain": 46.348380148505896,
            "s_s_gain": 0.0
      },
      "9_14": {
            "u_u_gain": -30.930930930930927,
            "s_s_gain": 0.0
      },
      "1_7": {
            "u_u_gain": -53.40429776945664,
            "s_s_gain": 0.0
      },
      "2_4_5_6_8_10_11": {
            "u_u_gain": 51.70113425153405,
            "s_s_gain": 0.0
      },
      "9_12_14_15": {
            "u_u_gain": 52.115302115302114,
            "s_s_gain": 0.0
      },
      "3_13": {
            "u_u_gain": -40.88148771561375,
            "s_s_gain": 0.0
      },
      "0_1_3_7_12_13_15": {
            "u_u_gain": -5.418736306700116,
            "s_s_gain": 0.0
      },
      "2_4_5_6_8_9_10_11_14": {
            "u_u_gain": -27.32597209500743,
            "s_s_gain": 0.0
      },
      "1_3_7_13": {
            "u_u_gain": -66.59125484836302,
            "s_s_gain": 0.0
      },
      "7_8_9_11_12_15": {
            "u_u_gain": 10.104127291627298,
            "s_s_gain": 0.0
      },
      "5_6_11": {
            "u_u_gain": -69.22494100772381,
            "s_s_gain": 0.0
      },
      "3_6_14": {
            "u_u_gain": -55.29525997252114,
            "s_s_gain": 0.0
      },
      "4_5_6_8_11": {
            "u_u_gain": -26.960591638006957,
            "s_s_gain": 0.0
      },
      "4_5_6_11": {
            "u_u_gain": -68.8065533194966,
            "s_s_gain": 0.0
      },
      "1_7_9_11_13": {
            "u_u_gain": 47.74554397343385,
            "s_s_gain": 0.0
      },
      "2_3_4_6_8_10_14_15": {
            "u_u_gain": -29.672869153915865,
            "s_s_gain": 0.0
      },
      "2_4_6_8_9_10_11_14": {
            "u_u_gain": -45.51692744000744,
            "s_s_gain": 0.0
      },
      "0_1_3_7_13": {
            "u_u_gain": -71.35280224076605,
            "s_s_gain": 0.0
      },
      "6_8_9_14_15": {
            "u_u_gain": -22.140218946788288,
            "s_s_gain": 0.0
      },
      "6_14": {
            "u_u_gain": -49.72627737226277,
            "s_s_gain": 0.0
      },
      "0_3": {
            "u_u_gain": -14.91388130409218,
            "s_s_gain": 0.0
      },
      "4_5_6_8_10_11": {
            "u_u_gain": 37.025047669553366,
            "s_s_gain": 0.0
      },
      "2_6_8_14": {
            "u_u_gain": -64.35573982055492,
            "s_s_gain": 0.0
      },
      "9_12_14": {
            "u_u_gain": 29.036729036729042,
            "s_s_gain": 0.0
      },
      "0_2_3_4_6_9_10_11_14_15": {
            "u_u_gain": 13.840232740793658,
            "s_s_gain": 0.0
      },
      "7_9": {
            "u_u_gain": -0.8023648648648631,
            "s_s_gain": 0.0
      },
      "2_3_4_6_10_14": {
            "u_u_gain": -51.91393224836836,
            "s_s_gain": 0.0
      },
      "0_3_7_12_15": {
            "u_u_gain": -46.16222234383607,
            "s_s_gain": 0.0
      },
      "0_2_3_4_6_10_14": {
            "u_u_gain": -58.77330005852322,
            "s_s_gain": 0.0
      },
      "1_13": {
            "u_u_gain": -40.88457648329419,
            "s_s_gain": 0.0
      }
}